description,problem
"My car won't start in the morning","Battery issue"
"There's a strange noise when I turn the wheel","Steering or suspension"
"Car is overheating after 10 minutes of driving","Radiator or coolant problem"
"Brakes are making a squealing noise","Brake pad issue"
"Engine warning light is on","Engine diagnostics needed"
"AC not working properly","AC compressor issue"
"Headlights are flickering","Electrical system problem"
"Oil is leaking under the car","Oil leak"
"Car pulls to one side while driving","Alignment issue"
"Car shakes at high speed","Wheel balancing issue"
